name|count
consolidated|0.000273073387922
dissolution|0.000155950201145
dynamic|0.00136064482703
yellow|0.000626009162546
obstruction|0.000103966800763
prefix|0.000145658785987
nursery|0.00072896569036
heliocentric|5.78478305203e-05
parameterization|0.000825399787261
centimeter|0.000145658785987
spectral band|5.78478305203e-05
feeding|0.00130641272024
brackish|0.000221155227104
electricity|0.00134702745414
metamorphic|0.000145658785987
batholith|5.78478305203e-05
halogen|5.78478305203e-05
immature|0.000103966800763
sinking|0.00019421171465
risk|0.00456460155257
downstream|0.000845056813729
propane|0.00023894302137
desirable|0.000322036320834
activation|0.000230594851215
regional|0.00839029283014
amorphous|0.000230594851215
pigment|0.00443210778584
lignite|0.000863885415885
upstream|0.000563403532099
alpine|9.35018339684e-05
vibrational|5.78478305203e-05
synergy|0.000155950201145
loess|5.78478305203e-05
solution|0.00149148814838
humidity|0.000662833230931
vector|0.00121519425671
succession|0.000322832791701
straight|0.000145658785987
methane|0.00104661804271
glassy|5.78478305203e-05
force|0.00169167338254
zinc|0.00697721404376
consistent|0.00547073175469
potential density|0.000231391322081
direct|0.00321108263489
approximation|0.000155950201145
second|0.00403134777851
subordinate|0.000582635143949
flood plain|0.000173543491561
even|0.00331883553832
trapping|0.000230594851215
parkland|5.78478305203e-05
thunder|0.000103966800763
reconstruction|0.00145254699177
chromosphere|5.78478305203e-05
resilient|0.00101412635778
new|0.0153689872264
net|0.00285851407999
hydraulic conductivity|0.00031190040229
metadata|0.00255483446583
coefficient|0.000331074349643
niche|0.000145658785987
lithosphere|0.000145658785987
residual|0.000402545401043
ionization|0.000115695661041
deposition|0.00348094662954
protection|0.00269945915027
ethanol|0.00031190040229
boron|0.0034150798819
active|0.00254784175274
path|0.000920472613216
logarithmic|5.78478305203e-05
substance|0.000384196486713
electrolysis|5.78478305203e-05
baroclinic|5.78478305203e-05
permit|0.00624912080166
military|0.00117007866516
topography|0.000788764944939
secure|0.00160834520727
classification|0.0017455282325
discontinuous|0.000103966800763
county|0.000713644473992
visible|0.00168132493941
total|0.0124437795736
unit|0.00668603129268
plot|0.00134283153487
negative|0.00199783162536
equator|0.000426884985237
bedrock|0.000484638346654
calcium carbonate|0.000115695661041
assessment|0.00584432792131
calf|7.70015103269e-05
composite|0.00117837018832
electromagnetic induction|5.78478305203e-05
curvature|5.78478305203e-05
phone|0.00156594190386
warm|0.00234162734335
adult|0.000644982668682
biotic|0.000145658785987
electrical conductivity|0.000145658785987
flora|0.000103966800763
work|0.00832311706893
erg|5.78478305203e-05
era|0.000852476725602
transparency|0.00107226349677
henry|0.000103966800763
root|0.000486541499629
sinusoidal|5.78478305203e-05
energetic particle|5.78478305203e-05
honey|1.4292923124e-05
isothermal|5.78478305203e-05
validated|0.000279757759557
crystallized|0.000207933601527
proglacial|7.73290457585e-06
end|0.00501442278403
verify|0.000834839916645
very|0.00475198337332
hot|0.00186122775215
toxin|0.000173543491561
toxic|0.00092878914739
widespread|0.00081305256584
beach|0.00166153399328
aurora|0.000242764643312
offshore|0.00250394897045
massive|0.000668622359149
rise|0.00627380202692
description|0.00492137801597
pole tide|5.78478305203e-05
transforming|0.000145658785987
assimilated|0.00019421171465
after|0.0073756707912
grading|0.000957425778011
millimeter|0.000184475880972
meso|0.000145658785987
parallel|0.000630968598324
ablation|0.000571817404198
start time|5.78478305203e-05
fungi|0.000363883802671
aeolian|0.000103966800763
interglacial|0.000155950201145
green|0.00175645183425
correlation|0.00056356356146
less than or equal|0.000155950201145
scintillation|0.000230594851215
order|0.00683926594706
feedback|0.0019270416569
glacier retreat|2.04102431702e-05
barrier island|5.78478305203e-05
aerial photography|5.78478305203e-05
before|0.0045783067614
gravity wave|5.78478305203e-05
fit|0.00118883359338
directional|0.000207933601527
fix|0.000579380111876
production|0.0282830391244
CH4|0.000486541499629
environmental law|5.78478305203e-05
social activity|0.000145658785987
SAR|0.00122009295982
shear|0.000426884985237
fixation|0.000103966800763
enrich|0.00019421171465
safe|0.00187473785053
break|0.00091468413657
reagent|0.000103966800763
diseased|0.000207933601527
hypoxia|0.000103966800763
bank|0.000883777641241
anion|5.78478305203e-05
rocky|0.000103966800763
oxygen|0.00140613696649
curator|0.000123871623971
toroidal|0.000809869627285
side|0.00251408423809
mean|0.00465016695053
interruption|0.000384196486713
telescope|0.00046118970243
statistical distribution|5.78478305203e-05
displacement|0.000278911424295
subglacial|0.000242764643312
nitrite|5.78478305203e-05
contracting|0.000221155227104
dawn|5.78478305203e-05
collector|0.00053077254505
ring|0.000603133896506
trench|0.000155950201145
network|0.00346543337367
gradient|0.000498765998668
gradation|5.78478305203e-05
content|0.0
linear|0.000722192309277
alkane|5.78478305203e-05
GCM|0.000830141464373
strata|0.000155950201145
free|0.00355241823968
standard|0.00512183042036
management|0.0276782804153
exponential function|0.000115695661041
calcareous|0.000103966800763
estimate|0.00411489782982
hematite|0.000103966800763
chlorine|0.0017273531794
logging|0.000265386272525
older than|5.78478305203e-05
silicon|0.0086780834333
disturbed|0.000230594851215
signature|0.000771919031889
polyhedron|5.78478305203e-05
industrial|0.00524322760096
grade|0.00643844625594
primary|0.00496129406885
hearing|0.00179565901829
wash|0.000276713821458
feldspar|0.000690599075078
insulation|0.000767332305642
electronic|0.00234810750712
researched|0.000145658785987
mercury|0.0100904198192
service|0.00609396717366
annual cycle|0.000145658785987
neutralization|5.78478305203e-05
top|0.00274253454042
subtropics|5.78478305203e-05
accretion|0.000520630474683
byte order|5.78478305203e-05
hydrothermal vent|5.78478305203e-05
recent|0.00406629524374
genesis|0.000103966800763
ceiling|0.000294819891998
collapse|0.000221155227104
fibrous|5.78478305203e-05
high latitude|0.000103966800763
predictable|0.000372458643349
mesozooplankton|0.000173543491561
subduction|0.000155950201145
distance|0.00102645136074
target|0.0039148524648
tree|0.00167376354959
project|0.0122748426494
stratified|0.000221155227104
iron|0.0150925717783
microzooplankton|5.78478305203e-05
minus|0.00125157394257
manned|0.000703532992992
solar maximum|0.00121480444093
pollination|5.78478305203e-05
titration|5.78478305203e-05
biological phenomena|5.78478305203e-05
torque|0.000173543491561
mine|0.0114915320373
weather forecast|5.78478305203e-05
increment|0.000259917001908
latency|0.000213722889043
realm|0.000103966800763
isolated|0.000265386272525
metallic|0.00154208253826
fitting|0.000137582616266
governing body|5.78478305203e-05
upper level|5.78478305203e-05
transmit|0.00106859509331
canonical|0.000155950201145
blue|0.00122686457219
solidified|5.78478305203e-05
regular|0.00238585297484
assessed|0.0013310739018
episode|5.78478305203e-05
observation|0.00195056225837
water management|0.000256130991142
devastating|0.00045522723076
metal|0.0114271761364
scavenging|0.000103966800763
treaty|0.00138119815016
consumer|0.00217350657355
anthropogenic|0.00126804300166
aquatic|0.00150978680379
bomb|0.000155950201145
jurisdiction|0.00261739667534
infrared|0.00127518363741
radio|0.00088172248745
earth|0.00484807141086
upper bound|5.78478305203e-05
PAN|0.000184475880972
foraging|0.000417946983017
ellipsoid|0.000231391322081
screening|0.0011110180787
rectangle|0.00031190040229
continuity|0.000903671507772
mixture|0.000510354348458
fossil|0.000298819489666
reconstruct|0.000145658785987
ridging|7.23164982138e-05
infrequent|0.000103966800763
power spectrum|0.000259917001908
bar|0.0012227650247
patch|0.000219634124726
bag|0.000512261982285
microscope|0.000249635854339
corrosion|0.000482758142815
release|0.00396509113576
disaster|0.00160446959238
reference|0.00453526437369
post processing|5.78478305203e-05
sensitivity|0.00155639943005
emergent|0.000230594851215
observed|0.00294110429326
DMS|0.000231391322081
result|0.00621350215032
hydrocarbon|0.000309617317946
oceanic|0.00212361895742
ecosystem health|0.000184475880972
antimony|0.00257768478695
capacity|0.0155924217669
artificial|0.00051553695739
mud|0.000298819489666
flagellate|0.000115695661041
tolerance|5.78478305203e-05
discovery|0.00169381802496
magnetotail|0.000115695661041
oxidation|0.000384196486713
weak|0.000686790345906
equals|0.000539423551058
carbon|0.0110111369069
wind speed|0.00176755528248
irregular|0.000431838294849
country|0.00983757968458
uncertainty|0.00677564796692
heating|0.00121876191045
PSD|5.78478305203e-05
receiver|0.000603130005315
organic matter|0.000725704474903
space heating|4.7788604274e-05
magnetosphere|0.000599546613158
fine structure|0.000173543491561
human activity|0.000311854240455
height|0.00162327154684
canyon|0.000925565288325
arsenic|0.000155950201145
trust|0.000628128428872
grazing|0.00125969001407
neutralize|0.000103966800763
tiny|0.000308612648163
extraction|0.00127605081741
expected|0.0101291030778
basin|0.00181090646773
market share|0.00034150798819
plateau|5.78478305203e-05
mushroom|5.78478305203e-05
sunshine|0.000103966800763
catchment|0.000173543491561
coherent|0.000256130991142
child|0.000362290860938
aviation|0.00355710497555
spin|0.000415070732187
unproven|5.78478305203e-05
error propagation|5.78478305203e-05
east|0.00210809627614
air|0.00448793535745
calcium|0.0011721554977
near|0.00515686044368
balance|0.00224077974174
geoid|5.78478305203e-05
cylinder|0.000145658785987
depth range|0.00019421171465
riparian|0.000968498375102
prolate|5.78478305203e-05
cone|0.000572011219571
surface water|0.000372458643349
trusted|0.000512261982285
plant production|5.78478305203e-05
descent|0.000145658785987
complex|0.00890280683383
vegetable|0.000221155227104
lithium|0.00105996672372
power grid|0.00019421171465
independent|0.00199338596969
satellite|0.00681757698608
streamfunction|5.78478305203e-05
nano|6.75663403479e-05
swell|5.78478305203e-05
hysteresis|5.78478305203e-05
acceptable level|0.000103966800763
geological|0.000673711279
cycle|0.00324964397974
scenario|0.00120192753514
turbidite|0.000694173966244
ocean|0.0110417206166
gzip|1.4292923124e-05
turbidity|0.000973082999258
left|0.00201593035305
seasonal|0.00217749503685
birth|0.000575499229232
axisymmetric|0.000694173966244
MTBE|0.000155950201145
bandwidth|0.000155950201145
human|0.00664443439049
scattering|0.000353848363366
projection|0.00138331856811
visualization|0.000589185094161
campaign|0.000620175360643
vibration|0.000289690055938
character|0.0005657301595
passive|0.000638493412264
spread|0.000962681755425
retreat|0.00065783965186
urbanization|0.000115695661041
distribution function|0.000103966800763
kimberlite|0.000115695661041
elevation|0.00183750269961
zooplankton|0.0019369967502
survival|0.00183464169574
descending|0.0016352512293
compaction|0.000184475880972
background|0.00209480054673
malleability|5.78478305203e-05
shadow|0.000436976357962
unique|0.00241140796161
ascending|5.78478305203e-05
melting|0.00195729388623
groundwater|0.000975965228393
sparse|0.000356397302481
right|0.00286994027505
old|0.00198048094575
crown|0.000155950201145
dead|0.000920601709626
sponge|0.00283545326565
indirect|0.000919178354703
reference frame|0.000103966800763
dense|0.00107599163634
communications|0.00170336971745
ice|0.0116343644451
icy|5.78478305203e-05
landscape|0.000827739806703
nitrate|0.000966108962502
landward|0.000173543491561
slurry|0.00019421171465
core|0.00427426921211
incidence|0.000145658785987
burn|0.000583832772372
NEPA|0.00204904792914
georeferencing|0.000173543491561
spatial scale|5.78478305203e-05
census|0.000309617317946
MPA|0.000103966800763
coral|0.00651450122981
anomalous|0.000486541499629
trustworthy|0.000347086983122
land management|0.000145658785987
plus|0.00216632346846
horizon|0.000145658785987
slightly|0.00220060300494
permafrost|0.000805698920924
ppb|0.000155950201145
mantle|0.000242764643312
civil|0.00200446191686
profession|0.000103966800763
ppm|0.000902934616503
down|0.00334813753038
coastal|0.00978952172531
ppt|0.000751009957982
balanced|0.000889338553145
compression|0.000353851134235
sustainable development|0.000353848363366
altitude|0.000803531301946
transform|0.000413842937054
conservation|0.0122129300957
fraction|0.00110947063547
macrophyte|0.000115695661041
questionable|0.000145658785987
medium|0.00197250873938
landing|0.00130128697119
wireless|5.78478305203e-05
failure|0.00152753004079
hemisphere|0.000298819489666
elderly|0.000103966800763
extratropics|5.78478305203e-05
cloud seeding|0.000115695661041
type|0.00500391777564
maximum|0.00411745748527
crystal|0.000662833230931
superset of|5.78478305203e-05
proven|0.0014685089106
evidence|0.00255256175979
IGRF|5.78478305203e-05
ship|0.00243145337889
deuterium|5.78478305203e-05
mold|0.000523309021355
archive|0.0025671513478
nearest neighbor|0.000173543491561
floor|0.00103700657844
glacier|0.00298416828897
juxtaposition|0.000155950201145
oxygenated|5.78478305203e-05
porosity|0.000184475880972
role|0.00475796233725
overturning|0.000242764643312
carbonaceous|5.78478305203e-05
erosion|0.00193806632026
roll|0.000608893163443
node|0.000103966800763
coning|5.78478305203e-05
bottom|0.00266044641876
ammonium|0.000597638979332
environmental monitoring|0.000184475880972
dissipation|0.000103966800763
omega|0.000103966800763
radioactivity|0.000155950201145
glass|0.00234277924082
interval|0.00184120341925
daily|0.00414703108549
reception|0.000145658785987
time|0.0129082338876
mixed layer|0.000322832791701
tide gauge|0.00034150798819
slope|0.00102827967548
irrigation|0.000322832791701
global|0.00803620745093
focus|0.00363878669599
abatement|5.78478305203e-05
microwave|0.000964474910281
morphology|0.000184475880972
recharge|0.000207933601527
blue green algae|5.78478305203e-05
uneven|0.000145658785987
turbid|5.78478305203e-05
zone|0.00374183440452
graph|0.000230594851215
environmental assessment|0.000276713821458
spatial extent|0.000103966800763
crater|0.000599546613158
environment|0.00456194020488
charge|0.00133494504775
division|0.00121467068887
string|0.000426884985237
consolidation|0.00072896569036
choice|0.000982569965372
minute|0.000856340065972
cool|0.000621033275957
dim|5.78478305203e-05
level|0.0153193344713
sedimentary|0.000429741374812
dig|0.000184475880972
cloudy|0.00019421171465
discrete|0.00078516053609
electric field|5.78478305203e-05
dip|0.000184475880972
round|0.00109102059057
upper|0.00192046976849
unexpected|0.000402545401043
oscillation|0.00053077254505
trend|0.0021221962039
pore|5.78478305203e-05
prediction|0.00302227089792
sunspot number|0.000173543491561
with respect to|0.00376719346445
takeoff|0.000103966800763
PCB|5.78478305203e-05
bacteria|0.00122773168903
spectral|0.00154661087217
current|0.00846458969876
extraterrestrial|0.000155950201145
pluton|0.000115695661041
falling|0.000540709351681
explosion|0.000249256887661
indigenous species|5.78478305203e-05
containment|0.000103966800763
DSS|5.78478305203e-05
magnetism|0.000207933601527
earthquake|0.00229450878594
change|0.0125610370737
nuclear fusion|0.000115695661041
incoming|0.00042604013119
healthy|0.00152669853931
shift|0.00168870190855
binder|0.000103966800763
temperature range|0.000103966800763
resonance|0.000155950201145
nonmetal|0.000103966800763
navigation|0.0024032621453
anoxic|0.000173543491561
DOC|0.00315326881309
moraine|0.000252204267423
translational|5.78478305203e-05
renewable resource|5.78478305203e-05
physical quantity|0.000103966800763
positive|0.00235383242456
thermosphere|0.000173543491561
carbon neutral|5.78478305203e-05
live|0.00127002319451
criteria|0.00378968455576
vertical extent|0.000115695661041
theoretical|0.000289690055938
conductor|0.000145658785987
acceptable|0.00146819312238
assimilation|0.00103725816956
tundra|0.000442310454208
rigid|0.000121058048363
parameterize|5.78478305203e-05
rotational|0.000417946983017
collision|0.000103966800763
deformed|0.00019421171465
car|0.000894142859105
cap|0.000454195913615
longitude|0.000975965228393
strain|5.78478305203e-05
peer reviewed|0.000103966800763
fauna|0.000103966800763
deceased|5.78478305203e-05
statistical sample|5.78478305203e-05
iodine|0.00807081979252
nursing|0.000415867203053
skin layer|5.78478305203e-05
predict|0.00252448267862
expanding|0.0013216588484
spectral line|0.000694173966244
distillation|0.00019421171465
agent|0.000662833230931
sample|0.00356945917064
weighting|0.000155950201145
stereographic|0.000145658785987
hydrogen|0.00103107391478
trophic dynamics|5.78478305203e-05
scalar|0.000145658785987
monitoring|0.00982544918914
winter|0.00374321388147
mole|5.78478305203e-05
tilt|0.000103966800763
chemical|0.00398652406082
till|0.000922379404859
flank|0.000184475880972
optimal|0.000230594851215
parameter|0.00132283037306
dominance|0.000103966800763
map|0.00280607090284
product|0.00668228798617
ductile|0.000398079408787
subset of|0.000584631869415
day of year|0.000173543491561
accessory|5.78478305203e-05
sustainability|0.00207497785216
data|0.0290082707137
lifting|0.000145658785987
jellyfish|0.000115695661041
stress|0.00315057869263
natural|0.00593587470209
halon|0.00121382321656
explicit|0.000413842937054
corona|0.000173543491561
cascade|0.000145658785987
energy conversion process|5.78478305203e-05
branched|0.000145658785987
truck|0.000623280932667
deposit|0.00395996921803
representation|0.0012835756739
typical|0.000947461540281
nucleon|5.78478305203e-05
midnight|0.000276713821458
unacceptable|0.000276421983518
stability|0.000938734751307
nitrogen|0.00200752937142
pitch|0.000145658785987
cold|0.00263238470101
tendency|0.000309617317946
gibber|5.78478305203e-05
group|0.00614075927231
monitor|0.00275331252727
facility|0.00375926649357
methodology|0.0012227650247
coordinates|0.00217361248281
platform|0.00124157963706
window|0.00153774296873
policy|0.00584745891628
main|0.00380586401628
uptake|0.00056356356146
meridian|0.000145658785987
alluvial|0.000613865844514
ocean phenomena|0.000173543491561
qualifier|0.000145658785987
civilian|0.000402545401043
indigenous|0.0029373957267
scaling|0.000322036320834
half|0.00289052520308
HRA|5.78478305203e-05
QBO|5.78478305203e-05
inversion|0.000173543491561
name|0.0
drop|0.00102686053912
classify|0.000155950201145
rock|0.0031109370896
instability|0.000184475880972
xls|0.00106609340893
square|0.00403777733787
populated|0.000309617317946
approximates|0.000103966800763
glaciation|5.78478305203e-05
year|0.0145508669345
sunrise|5.78478305203e-05
living|0.00275586469811
container|0.000552361025776
space|0.00591326665832
interference|0.000298819489666
resilience|0.000613865844514
increase|0.0113049714462
contained|0.00409230851748
investigation|0.00111845135045
internet|0.000788764944939
sensor|0.00181654361216
lag|0.00034150798819
theory|0.000839836748728
divergence|0.000115695661041
isotope|0.00100636350261
bathymetry|0.0010615450901
ore|0.0134022689382
fabric|5.78478305203e-05
raster|0.000485529286624
training|0.00383211765987
flare|0.000103966800763
granule|0.000145658785987
sediment|0.00280506211993
motion|0.00170504883401
cadmium|0.00299193956701
undesirable|0.000184475880972
on site|0.000207933601527
frequent|0.000687802199312
exotic|0.000605244366034
symmetry|0.000231391322081
remediation|0.000256130991142
rare earth element|5.78478305203e-05
study of|0.00125845124776
conifer|2.62400741925e-05
array|0.00140825597478
open|0.0037029125198
size|0.00445384718469
city|0.000847908044821
little|0.00183511166502
sheet|0.00345133734106
provenance|5.78478305203e-05
carbonate|0.00135216847704
plastic|0.000803531301946
cooling|0.0014093872853
realization|0.000442310454208
mining|0.011084797004
asymmetric|0.000103966800763
season|0.00310873163022
continuous|0.00192309034853
artifact|0.000103966800763
PDO|0.000173543491561
biogeochemical cycle|5.78478305203e-05
formaldehyde|0.000115695661041
population|0.00467714099369
wide|0.00362698345628
iceberg|0.000145658785987
future|0.00727487454463
magnesium|0.00159046185368
photosynthesis|0.000291317571974
polycrystalline|5.78478305203e-05
resistivity|5.78478305203e-05
chlorophyll|0.0012913311668
upslope|5.78478305203e-05
correction|0.000706644482481
dissolved organic carbon|5.78478305203e-05
generalization|5.78478305203e-05
CFC|0.000155950201145
stratosphere|0.000276713821458
buried|0.000230594851215
uninterrupted|0.000230594851215
albedo|0.00078516053609
conversion|0.0010627053117
cross section|0.000398079408787
equipment|0.0035155366892
water heating|4.7788604274e-05
potential|0.00679560221606
fracture|0.000289690055938
thermometer|0.000155950201145
objective|0.00174537729944
conductivity|0.000450722825679
sure|0.00131542813294
trace|0.000922212378739
normal|0.0015990174978
buffer|0.000262813024518
southern hemisphere|5.78478305203e-05
molecule|0.000161479516166
invertebrate|1.4292923124e-05
boiling|5.78478305203e-05
radioactive|0.000706644482481
average|0.0084751193744
steady|0.000874015579986
heat|0.00314634288051
exponential growth|0.000115695661041
sunset|0.000242764643312
dispersed|0.000309617317946
nonliving|5.78478305203e-05
sigma|0.000426884985237
elongation|5.78478305203e-05
quantity|0.00276620401485
precise|0.000866869870898
forage|0.000744917286698
surplus|0.00113538228664
atom|5.78478305203e-05
friction|0.000339870500637
bright|0.000331074349643
threshold|0.00140872502129
ground|0.00483678761708
ratio|0.000909889398284
nadir|0.000230594851215
plume|0.000486541499629
texture|0.000339870500637
arthropod|5.78478305203e-05
wood|0.00111332329757
parabolic|5.78478305203e-05
ciliate|5.78478305203e-05
ranking|0.000363883802671
unsure|5.78478305203e-05
floe|5.78478305203e-05
geocentric|5.78478305203e-05
freezing|0.000652232459796
greater than|0.00244643271552
instance|0.00091468413657
theta|5.78478305203e-05
conjunction|0.00116852752403
secondary|0.00272217063071
resource|0.00526067335549
aluminum|0.0112586862979
assimilate|0.000184475880972
median|0.000230594851215
yield|0.00377205229978
morning|0.000910061184016
bounding box|0.000173543491561
vision|0.0011293167346
seamount|5.78478305203e-05
kernel|0.000115695661041
pebble|0.000103966800763
federal|0.00557083897578
forecast|0.00340974152586
kilometer|0.000542202904663
arrival|0.000458033545802
infrastructure|0.004269079596
spectroscopy|0.000115695661041
vertical|0.00223124906731
dome|5.78478305203e-05
independent variable|0.000173543491561
analyzed|0.00119395615253
reaction|0.000589185094161
region|0.00767073874611
quiet|0.000796158817574
propagation|0.000155950201145
comet|0.00144375151546
synoptic|0.000184475880972
nearby|0.000698722871258
yearly|0.000698722871258
cancer|0.00119527795866
color|0.00120891157398
period|0.0075773439105
sampling|0.00278526691367
pole|0.000309617317946
metropolitan area|5.78478305203e-05
extinct|0.000115695661041
forecasted|0.000230594851215
sensible|0.000155950201145
unusual|0.000698722871258
stretch|0.000116842145185
west|0.002732717395
poloidal|0.000415867203053
outer layer|5.78478305203e-05
sea floor|0.000184475880972
tropical|0.00268520669346
unconsolidated|0.000103966800763
cosine|5.78478305203e-05
damping|0.000103966800763
helicopter|0.000368951761944
direction|0.00227850698602
pesticide|0.000485529286624
photon|0.000103966800763
chlorofluorocarbon|5.78478305203e-05
downwind|0.000173543491561
geothermal|0.000415070732187
observe|0.00106487039333
external|0.00277311915585
extant|0.000103966800763
diffuse|0.000259917001908
twilight|0.000173543491561
refractory|0.00237291758762
geodetic|0.000302095421898
peridotite|5.78478305203e-05
margin|0.000861868636445
interconnected|0.000103966800763
reflectance|0.000582635143949
orientation|0.000639357544201
zenith|0.000149654073569
coupled|0.00255422085859
characteristics|0.00254776851162
metric|0.0152245218223
discrepancy|0.000276713821458
middle|0.000819118335201
bias|0.00117385734371
ambient|0.000477531173919
C13|5.78478305203e-05
C12|5.78478305203e-05
property|0.00406917989022
technology|0.00513144420246
binary|0.000686555395389
northward|0.00051553695739
NSPS|0.000231391322081
author|0.00156395426986
bowl|5.78478305203e-05
adsorption|0.000173543491561
regrid|5.78478305203e-05
thinning|0.000244687988344
week|0.001726292022
thawing|0.000289239152602
investigated|0.000639357544201
power source|5.78478305203e-05
refraction|5.78478305203e-05
allocation|0.00316329146255
fruit|0.000171498901847
footprint|0.000230594851215
quartz|0.000663465681312
polygon|0.000276713821458
inhalation|0.000103966800763
intermittent|0.000309617317946
nuclide|5.78478305203e-05
xylene|0.000173543491561
severe|0.0023810846089
aphelion|5.78478305203e-05
relief|0.000790972529208
coordinate|0.00178332330411
model|0.00881362541317
dimension|0.000863885415885
summer|0.00299725647214
anemometer|5.78478305203e-05
livestock|0.000400935172424
aeration|5.78478305203e-05
NAO|0.00068301597638
violent|0.000103966800763
differentiation|0.000363883802671
speed|0.00170290823892
weekly|0.00229422067676
rover|0.000299109521097
coordinate system|0.000155950201145
death|0.00053799581817
space travel|0.000103966800763
instrument|0.00201283864091
decompression|1.4292923124e-05
treatment|0.00239438095562
extensive|0.00160198309293
momentum|0.000289690055938
to the power|5.78478305203e-05
scheduled|0.00314139112497
lithophile|0.000115695661041
decomposed|0.000242764643312
dark|0.000550093672545
grid|0.00189826772814
preference|0.000471096321654
confined|0.000279757759557
vague|0.000230594851215
low latitude|0.00031190040229
acute|5.78478305203e-05
unrepresentative|5.78478305203e-05
goodness of fit|5.78478305203e-05
particle|0.000993262600281
lightning|0.000372458643349
clay|0.00625384692576
salt lake|5.78478305203e-05
output|0.01496878976
downward|0.000401500239174
stationary|0.000542202904663
competition|0.00156730635908
chronology|0.000398079408787
magma|0.00019421171465
upper mantle|5.78478305203e-05
duration|0.00149529625459
ascent|0.000103966800763
daytime|0.000242764643312
gross|0.00417217668203
accidental|0.000103966800763
micro|0.000688784770199
noon|0.00032886886081
moon|0.000707696726733
pioneer|0.000103966800763
corrosive|0.000184475880972
decomposition|0.000372458643349
deficit|0.000221155227104
dry weight|0.000679741001274
moderate|0.000653412089346
accessing|0.000305359757743
assembly|0.000322036320834
unconfined|0.000155950201145
spherical harmonic|5.78478305203e-05
broken|0.000383666152821
fertilized|5.78478305203e-05
ATCM|5.78478305203e-05
throw|5.78478305203e-05
plankton|0.00106816443057
island|0.00125942320446
industry|0.00921393701645
fringe|0.000103966800763
classifier|5.78478305203e-05
aquaculture|0.0017307312141
spatial subset|0.000115695661041
bond|0.000507308672672
processor|0.00195167562441
heater|0.00095577208548
burning|0.00104808430689
inclusion|0.00163938934969
communication|0.00237569323155
image|0.00261311185449
variable|0.00170278010355
magnetite|0.000256130991142
references|0.0011949802289
microstructure|0.000571817404198
southern ocean|5.78478305203e-05
fluorine|0.000469573483761
wildfire|0.000115695661041
area|0.0134043797205
georeference|0.000103966800763
dispersion|0.000997531997335
start|0.0020770323705
heliosphere|0.00121480444093
low|0.00654025997149
sealed|0.000184475880972
viscous|5.78478305203e-05
fish|0.0142702964228
cloud cover|0.000276713821458
leach|0.000442799941147
FPAR|0.000809869627285
complete|0.00386398420319
archetypal|5.78478305203e-05
posterior|5.24801483849e-05
antiquated|5.78478305203e-05
NDVI|0.000436976357962
irreversible|0.000291317571974
fluorescence|0.000876260434616
circulation|0.00225406116113
revegetation|5.78478305203e-05
dirty|0.000184475880972
grass|0.000322832791701
moles|0.000173543491561
sea state|5.78478305203e-05
certain|0.00244338746295
deep|0.00258512068163
file|0.00441786363005
lifetime|0.00120763620313
gravitational force|5.78478305203e-05
antenna|0.000276713821458
land use|0.00088172248745
storage|0.00223057024584
aromatic|0.000145658785987
monthly average|0.000221155227104
summit|0.000126102133711
deviation|0.000593914440569
polar|0.00252071184138
replenishment|5.78478305203e-05
peat|0.00572025880218
drift|0.000810129504471
important|0.00738503883312
peak|0.00164542640064
adaptive capacity|0.000242764643312
building|0.00360128685731
condensation|0.000103966800763
remote|0.00143577991412
evaporite|0.000103966800763
curve|0.00056356356146
kilogram|0.000613865844514
enrichment|0.000230594851215
excretion|5.78478305203e-05
mass|0.00183932541624
nutrient|0.000859752749139
resolution|0.00485422914516
intrusive rock|0.000115695661041
month|0.00314909961846
spacecraft|0.00465283470859
debris|0.0026516123183
a class|0.000242764643312
polarity|5.78478305203e-05
cliff|4.59201298368e-05
pretreatment|5.78478305203e-05
removal|0.00274537492115
national park|7.87202225774e-05
dairy|5.78478305203e-05
annual average|0.000523309021355
TAC|0.000707696726733
stochastic|0.000115695661041
parcel|5.78478305203e-05
far|0.0016887945158
laminar flow|0.000231391322081
WCS|0.000115695661041
perihelion|0.000129385478067
ultraviolet|0.000298819489666
fall|0.00258543997064
difference|0.00115073234654
condition|0.00356350974805
washing|0.000362290860938
industrialization|0.000103966800763
subsoil|0.000155950201145
large|0.00838399076831
sand|0.00386637062197
small|0.00616526292884
mammal|0.000242764643312
old growth|5.78478305203e-05
ASCII|0.000959165382053
NPP|0.000925854422398
neighborhood|0.000103966800763
onshore|0.000863885415885
past|0.0049969748753
rate|0.00802865970965
pass|0.00100322424668
fill value|0.000289239152602
balance equation|5.78478305203e-05
belief|0.000145658785987
water resource|0.000339870500637
nonlinear|0.00031190040229
barrier|0.00219336756639
plutonic rock|5.78478305203e-05
subsample|5.78478305203e-05
sum|0.00102166806213
bituminous|0.00072896569036
crust|0.00115876022375
terrane|5.78478305203e-05
version|0.0
row|0.000384196486713
nutrient cycling|5.78478305203e-05
outgoing|0.000442310454208
full|0.00447258367607
seasonal ice|7.23164982138e-05
component|0.00415486945213
breccia|0.000467850603435
NFS|5.78478305203e-05
compressed|0.000399957319132
excess|0.00165711497879
biweekly|0.000115695661041
strong|0.00319011852172
HCN|0.000155950201145
publisher|0.000145658785987
search|0.00231008817669
alluvium|5.78478305203e-05
colored|0.000275549755401
compliance|0.00305730378205
urban area|5.78478305203e-05
prior|0.00328466522919
airport|0.000256130991142
periodic|0.00134121428866
published|0.00349717150954
clastic|5.78478305203e-05
narrow|0.000392580268045
elongated|0.000115695661041
imaging|0.00102010269438
biodegradable|0.000103966800763
family|0.010804913748
transit|0.000690599075078
inorganic|0.001496297996
extinction|0.000287627406304
human capital|0.00046118970243
has jurisdiction|0.000155950201145
DODS|0.000173543491561
seaward|0.000728293929936
contains|0.00228043776106
petroleum|0.00494076035534
chaotic|0.00019421171465
cultivation|5.78478305203e-05
soil|0.00460740700353
magnetosheath|5.78478305203e-05
minor|0.0026156706029
flat|0.000724595440438
erode|0.000184475880972
emission|0.00196513993074
tested|0.00119395615253
eutrophic|0.000155950201145
known|0.00337557986355
weathering|0.000184475880972
hour|0.00184239337955
cluster|0.000184475880972
equation|0.00128065495571
NOEL|0.000115695661041
hydrological cycle|0.000291317571974
history|0.0028010539748
diabatic|0.000115695661041
cation|0.000337396803338
sphere|0.000767332305642
minimum|0.00344935451486
sense|0.000996589902542
sharp|0.00038665253966
airplane|0.000184475880972
species|0.0781080087895
axis|0.00117837018832
terrestrial|0.00198263329375
filter|0.00102647809995
C10|0.000115695661041
helium|0.000353848363366
ensemble|0.000662148699287
primary production|0.000309617317946
plant|0.0133053599236
mapping|0.00275291665271
end of|0.00558250536284
connectivity|0.00132839982344
GRIB|0.000276713821458
plane|0.000667386455676
dry lake|0.000103966800763
horizontal|0.00136250959895
prospecting|0.000976566122305
cutoff|0.000103966800763
short|0.00375614548797
remote sensing|0.000996601527947
documentation|0.00173954669523
regolith|0.000259917001908
departure|0.000103966800763
coal|0.0126083582694
shore|0.00140840462996
geographic|0.00220514678663
rounded|0.00667115587354
reservoir|0.00113848277733
ANOVA|0.000115695661041
distortion|5.78478305203e-05
radar|0.00266517918176
attitude|0.00203781048078
ppmv|0.0011451387179
surface soil|0.000145658785987
vadose zone|5.78478305203e-05
nonmetallic mineral|5.78478305203e-05
sodium|0.00130128697119
inward|0.000115695661041
lateral|0.000770130582584
affine|5.78478305203e-05
selenium|0.0057500359047
drilling mud|0.00103966800763
high pressure|5.78478305203e-05
microscopic|5.78478305203e-05
convective|0.000442310454208
deformation|5.78478305203e-05
evening|0.00019421171465
return|0.00170724692796
food|0.00380228547048
magnetic field|0.00163654868057
abrasion|0.000103966800763
compound|0.000734659126648
downslope|2.04102431702e-05
transmission|0.000636265412312
inequality|0.000103966800763
radial|0.000442310454208
trailer|0.000103966800763
heavy|0.00435901108984
tilted|1.4292923124e-05
energy|0.00570556625197
hard|0.0018441360099
reduce|0.00499007097426
HDF|0.00109922475053
oil|0.00910585105141
hemispheric|0.000276713821458
levee|0.000155950201145
measurement|0.00174360443594
ripple|5.78478305203e-05
operation|0.00427493931757
heave|0.000103966800763
event|0.00339253042572
hydrochlorofluorocarbon|5.78478305203e-05
crustacean|0.000115695661041
research|0.0129874904924
health|0.00574322057247
hill|0.00019421171465
cyclone|0.000805698920924
induced|0.0016903597054
evaluation|0.00405536727033
highway|0.000413842937054
esker|5.78478305203e-05
freeboard|0.000103966800763
solvent|0.000145658785987
inert|0.000103966800763
dune|0.000145658785987
sedimentary rock|5.78478305203e-05
extraordinary|0.000384196486713
base|0.00387186512169
algal|0.000764836261981
proxy|0.00115099845846
beginning|0.00232059774677
algae|0.00078516053609
epicenter|5.78478305203e-05
accumulation|0.000966083542379
specular|0.000115695661041
circuit|0.00035332224124
unmanned|0.000230594851215
feed|0.00174502349224
copper|0.0156845050673
major|0.0094645600604
probability|0.00290623247595
encoding|0.00019421171465
sequester|5.78478305203e-05
serpentinite|5.78478305203e-05
airborne|0.000773305436086
perturbation|0.000103966800763
jet|0.00072896569036
eddy|0.00053077254505
differential rotation|0.000404934813642
regulation|0.0024722728161
station|0.0022614324084
advection|0.000184475880972
endangered species|0.000402545401043
decadal|0.00165072527835
trapped|0.00147882618288
park|0.00107125692687
discover|0.00032837413463
basal|0.000554950480808
micronutrient|5.78478305203e-05
translation|0.000256130991142
andesite|0.000115695661041
reflection|0.000478712889005
diffusion|0.000103966800763
cyclic|5.78478305203e-05
double|0.00147106481283
youth|0.000230594851215
autumn|0.000145658785987
NESHAP|0.000173543491561
cosmic ray|0.000291317571974
risky|5.78478305203e-05
tertiary|5.78478305203e-05
dendritic|5.78478305203e-05
vulnerable|0.00193676219656
mountain|0.000629060552936
equilibrium state|0.000115695661041
fossil fuel|0.000230594851215
cropped|5.78478305203e-05
internal|0.00266912890158
photovoltaics|5.78478305203e-05
unscheduled|0.000115695661041
dependent variable|5.78478305203e-05
province|0.000613865844514
index|0.00347180030419
eruption|0.000265386272525
nighttime|0.000339870500637
confluence|5.78478305203e-05
field of view|0.000132002589132
significant|0.00951518847752
position|0.00287750424922
extremely|0.00138992297057
equatorial|0.00136603195276
mineral|0.0107733064219
mobile|0.000705703693714
clear|0.00256269752445
saturate|0.000173543491561
cover|0.0050458387471
operational environment|5.78478305203e-05
atomic number|5.78478305203e-05
velocity|0.00162214337078
organism|0.000242764643312
cdf|0.000363883802671
flicker|5.78478305203e-05
evaporation|0.000510354348458
relation|0.00125278869804
radiolarian|0.00115695661041
fine|0.00178287151367
impact|0.00600834660919
cell|0.00293588790938
indicator|0.00220097704446
copyright|0.000340542792117
penalty|0.00108687258282
enzyme|0.000347086983122
hardened|5.78478305203e-05
circle|0.000309617317946
ENSO|0.000309617317946
accurate|0.00275663746633
boulder|3.28000927406e-05
pyroclastic|0.000207933601527
dominant|0.00138500134715
solar energy|0.000289690055938
dependent|0.00172883195209
secular|0.000103966800763
sunny|0.000103966800763
spatial distribution|0.000265386272525
basement|0.000115695661041
molten|0.000256130991142
transitional|0.000145658785987
investigate|0.00100193651437
common|0.00303370843226
logistic|0.000242764643312
sustainable|0.00336430218022
residence time|0.000103966800763
altimetry|0.000115695661041
set|0.00728200559963
equinox|5.78478305203e-05
seq|0.00145671918046
creator|0.00304391749437
iteration|5.78478305203e-05
solar cycle|0.000663465681312
biannual|5.78478305203e-05
arc|0.000962681755425
migration|0.00154661087217
outer space|5.78478305203e-05
transportation|0.00304490151679
geologic|0.00161276128479
contour|0.000353848363366
visualize|5.78478305203e-05
meandering|0.000103966800763
fertilization|0.000155950201145
heliospheric phenomena|5.78478305203e-05
dipole|0.000987814471463
EPA|0.00215531476275
aircraft|0.00325475327468
opposition|0.000221155227104
invisible|0.000103966800763
carrying capacity|0.000541431318909
inertia|0.000103966800763
reverse|0.00034150798819
annual|0.00962690167128
logarithmic scale|5.78478305203e-05
absorption|0.000488283061152
pdf|0.0
geolocation|0.000426884985237
supply|0.00574902569819
battery|0.00102799670761
recycling|0.00284654843618
community|0.0104660214568
adaptation|0.00438206413782
belt|0.000506056044352
horticulture|0.000368951761944
decline|0.00243903158248
meteorite|0.000694173966244
monthly|0.00350603743384
acceptance|0.000792566669519
denitrification|0.000103966800763
reduction|0.00300128720091
coarse|0.000471096321654
maintenance|0.00215654322707
anisotropic|5.78478305203e-05
carbon sequestration|5.78478305203e-05
empty|0.000161479516166
flight|0.00244949688766
population dynamics|0.000265386272525
fire|0.00442052560566
covariance|0.000103966800763
spectrum|0.00106609340893
representative|0.00174056452005
demand|0.00915217686463
rupture|0.000867717457805
hardness|0.000291317571974
uncertain|0.000928532969071
interlocking|5.78478305203e-05
reliable|0.00262768903233
budget|0.00462541580027
optimization|0.000331074349643
behavior|0.00165037510123
error|0.00239615710546
loop|0.000353848363366
century|0.00208619950967
rip|0.000115695661041
rim|0.000276713821458
saline|5.78478305203e-05
baseline|0.00164798357421
space program|0.000155950201145
shorten|0.000103966800763
elevated|0.00057372115404
cirque|1.54658091517e-05
hot spot|5.78478305203e-05
fluorocarbon|0.000115695661041
varve|0.000115695661041
FAA|0.000372458643349
neutron|0.00045522723076
interpolation|0.000103966800763
development|0.0107689846652
thermal infrared|0.000276713821458
radionuclide|0.000155950201145
cement|0.00682433879921
moment|0.000180477106303
user|0.00428972632024
robust|0.00115073234654
calcification|0.000115695661041
potable|5.78478305203e-05
solar power|0.000115695661041
part of|0.00563099251425
lower|0.00419257976098
sidereal|0.000752021796764
anoxia|0.000115695661041
analysis|0.00724481485799
aftershock|0.000347086983122
edge|0.00154671305774
consistency|0.0010163157073
recoverable|0.000471096321654
pollen|0.000207933601527
HCFC|0.000173543491561
cave|0.000538489886506
reviewed|0.00258413094624
shape|0.00107948665206
inactive|5.78478305203e-05
reflectivity|0.000184475880972
continent|0.000353996705382
FWS|0.000752021796764
emerging|0.00125148628205
source|0.00429617526507
location|0.00370544740519
ecological dynamics|5.78478305203e-05
input|0.00314014127889
transformation|0.000676084238519
harvesting|0.00206015208687
format|0.0
WMS|0.000519834003816
big|0.000816146977171
integer|0.000309617317946
emergence|0.000309617317946
precipitation|0.00412006395971
toluene|0.000103966800763
subsidence|0.000291317571974
semi|0.00108924682872
signal|0.00106609340893
flux|0.0025671513478
unstable|0.000145658785987
angular extent|5.78478305203e-05
vertical velocity|5.78478305203e-05
spring|0.00258050067774
litter|0.00019421171465
scale|0.00647122248192
decision|0.0063183468422
outer core|5.78478305203e-05
integration|0.00197885687566
metamorphosed|0.000155950201145
saturated zone|0.000115695661041
seabed|0.000322832791701
gazetteer|0.000462782644163
minimal|0.000722192309277
inclination|5.78478305203e-05
6month|5.78478305203e-05
processing|0.00662389862446
perpendicular|0.000103966800763
greenhouse gas|0.0012689566733
colonization|2.62400741925e-05
aloft|5.78478305203e-05
step|0.00150115289876
percentile|0.000289239152602
concealed|0.000184475880972
tidal|0.00388654465364
optimize|0.000764836261981
dormant|5.78478305203e-05
pipeline|0.00134121428866
certificate|0.000469573483761
pumice|0.00499156297293
monoclinic|0.000103966800763
data model|5.78478305203e-05
simulation|0.0024091157728
replacement|0.00169592001692
block|0.00222369993902
dissolved oxygen|0.000619234635891
moss|0.00308997100628
helical|5.78478305203e-05
integral|0.00077014540434
elasticity|2.62400741925e-05
insecticide|5.78478305203e-05
contributor|0.000478712889005
downhill|9.51746614272e-05
oxidized|0.000737903523887
statistics|0.00553218019193
long|0.00790406960243
GRIB2|5.78478305203e-05
oxidizer|5.78478305203e-05
spawning|0.00264729645447
fragmented|5.78478305203e-05
reclamation|0.000309617317946
potassium|0.0017264976877
vehicle|0.00175638094999
alive|0.000309617317946
reef|0.00488339561511
delta|0.000322832791701
line|0.00622493888822
migrating|0.000368951761944
considerable|0.00121129720689
attribute|0.000322832791701
trace gas|0.000599546613158
orographic|5.78478305203e-05
planet|0.000814657919916
exploration|0.00520819190177
verification|0.000650643485596
mature|0.000663786727695
heterogeneous|0.00019937539791
fluence|0.000115695661041
constant|0.00104088485092
universal time|0.000115695661041
flow|0.00418693750033
land ice|5.78478305203e-05
engineering|0.00253112766675
diverse|0.00173432571281
tomography|0.000115695661041
unsaturated|5.78478305203e-05
diurnal|0.00293828485308
uranium|0.0013852746791
swath|0.000415070732187
tuff|0.000291317571974
excitation|0.000347086983122
relative humidity|0.000184475880972
insect|0.000201107178567
restoration|0.00284774866014
total electron content|0.00010829827488
fertilizer|0.00318521414406
caldera|5.78478305203e-05
holocene|5.78478305203e-05
desert|0.000316074349956
structure|0.00389843600917
land|0.0061631048722
algorithm|0.00211789986194
age|0.00280797498577
orbit|0.00259275153806
depth|0.00366529361033
declination|0.000582635143949
incomplete|0.000639357544201
fresh|0.0008124319054
tube|0.000946336420506
natural gas|0.00413491124263
resistance|0.000856340065972
lowland|5.78478305203e-05
applied research|0.000103966800763
fossil fuel burning|5.78478305203e-05
compact|0.000737695031754
deterministic|0.000322832791701
young|0.00075201499373
granular|0.000675784204961
critical|0.00499799701017
stable|0.00166497641076
air transportation|0.000103966800763
gravel|0.002409097369
overgrowth|5.78478305203e-05
random|0.000431838294849
provider|0.000498765998668
wave|0.00227834682117
electron|0.000886218504851
trough|0.000368951761944
storm surge|0.00186324546338
mixing|0.000483054481251
defended|5.78478305203e-05
recreation|0.000384196486713
indicator species|0.000388423429299
stiff|0.000103966800763
harbor|0.000496611524465
shock|0.000679741001274
wastewater treatment|0.000103966800763
lower atmosphere|0.000184475880972
optics|0.000322832791701
positive feedback|5.78478305203e-05
biomass|0.00467705495532
crop|0.000661805261314
aquifer|0.000597638979332
fold|0.00053713261395
acid|0.00716977879882
depression|0.000145658785987
hourly|0.00174997835461
opaque|0.000103966800763
access|0.00687204560741
experiment|0.00101620367223
volatile|0.000684327181772
playa|5.78478305203e-05
geomagnetic field|0.000534082215286
bird|0.000853769970474
body|0.0
shoreline|0.00138119815016
lee|5.78478305203e-05
degree|0.00255069503767
exchange|0.00213516718433
carcinogen|5.78478305203e-05
commercial|0.00814363278888
bromine|0.000145658785987
diatom|0.000103966800763
sink|0.00044451508247
separation|0.00104006992459
solute|0.000173543491561
implicit|0.000115695661041
extreme|0.00360567688937
settling|5.78478305203e-05
great|0.00204500045371
biodiversity|0.000628128428872
respiration|0.000291317571974
receive|0.00252228484486
metre|0.000145658785987
submerged|0.00053077254505
climate model|0.000744917286698
breathing|0.000145658785987
bend|2.62400741925e-05
volt|0.000316560002085
decrease|0.00348258947629
gamma ray|5.78478305203e-05
clockwise|0.000145658785987
community structure|5.78478305203e-05
consumption|0.0111356941452
humus|0.000751927772154
biogenic|0.000103966800763
inclined|0.000145658785987
basalt|0.000242764643312
visibility|0.000683186263412
train|0.000603837680634
actual|0.00240986948079
pollutant|0.000145658785987
tunnel|0.000599546613158
hydrolysis|0.000103966800763
microscale|0.000173543491561
drill|0.00053799581817
dissolve|5.78478305203e-05
molecular weight|5.78478305203e-05
proof|0.000308612648163
predecessor|0.000221155227104
process|0.0110516794843
disruption|0.000265386272525
high|0.00925205325985
sea level|0.00181654361216
slip|0.0010615450901
silt|0.00124760160916
prograde|5.78478305203e-05
native|0.000887996589168
stewardship|0.00238029852628
roughness|0.000276713821458
delay|0.000739454449203
forest|0.00152324880981
animal|0.00162862530745
elliptical|0.00019421171465
boundary layer|0.000442310454208
sin|0.000265386272525
circular|0.000883777641241
profile|0.00327863314625
tension|0.000184475880972
farm|0.000628128428872
hazard|0.000990708423883
general circulation model|0.000103966800763
multiplication|5.78478305203e-05
carbonyl|0.000115695661041
environmental impact statement|0.00019421171465
per meter squared|5.78478305203e-05
light|0.00204713991229
interrupted|0.00032568499209
manganese|0.00351023599549
element|0.00162322540769
ppbv|0.00110144839177
heterotrophic|5.78478305203e-05
alloy|0.00288804526628
lower bound|5.78478305203e-05
producer|5.26569102476e-05
produces|0.00140398749288
tropics|0.000644072641668
astronomical|0.000145658785987
meter|0.00203566272137
brittle|0.000115695661041
galaxy|5.78478305203e-05
underwater|0.000442799941147
LBS|0.00190897840717
curation|0.000115695661041
decay|0.000331074349643
episodic|0.000207933601527
degrees|0.00189616102215
insulator|0.000103966800763
orange|0.00053713261395
derivative|0.000276713821458
defining|0.00071142099511
spreading|0.000276713821458
eastward|0.000415070732187
tipping point|0.000103966800763
parabola|0.000115695661041
space weather|0.000939146967522
dike|5.78478305203e-05
front|0.00217723335037
rotation|0.000760064008353
day|0.00597847833935
successor|0.000265386272525
transmitter|0.000242764643312
per second|0.00057500359047
unpredictable|3.73018282572e-05
climate indicator|5.78478305203e-05
mode|0.000976627503192
upward|0.000568317817068
subset|0.000628128428872
abrasive|0.00222526368636
frequency|0.00311026137746
static|0.00108924103194
radiocarbon|0.00173543491561
measure|0.00324432485816
ionosphere|0.000674171605441
OCS|5.78478305203e-05
agriculture|0.00173262363973
category|0.00252868339505
matrix|0.00106721246309
flushing|0.000103966800763
evacuation|0.000331074349643
induction|0.000276713821458
red|0.00348245877256
start of|0.000549612375263
workflow|0.000230594851215
discontinuity|5.78478305203e-05
CSA|5.78478305203e-05
thorium|0.000309617317946
geostationary|0.000402545401043
collection|0.00614678431863
thrust|0.00115876022375
heat exchanger|0.000344491766975
likelihood|0.00121939689021
interaction|0.00132113431617
coastal region|0.000103966800763
route|0.000573192949646
times|0.00370211267343
south|0.0030939431445
borealis|0.000983413118845
geomagnetism|5.78478305203e-05
echo|0.000173543491561
ionizing radiation|0.000103966800763
quality|0.0079684120748
siderophile|0.000289239152602
anadromous|0.000971058573248
ancient|0.00059843627576
publication|0.0017743280878
unknown|0.00246758464131
transpiration|0.000145658785987
water cycle|0.000230594851215
system|0.0123571542868
spatial representation|5.78478305203e-05
intermediate|0.000910061184016
negative feedback|5.78478305203e-05
wind energy|0.000103966800763
enforcement|0.00375370875527
shell|0.000827685874108
shallow|0.00148970285073
pressurized|0.000137582616266
simulate|0.000706644482481
constituent|0.00132566646186
bioaccumulation|0.000145658785987
valley|0.000279019654503
photosynthetically active radiation|5.78478305203e-05
geostrophic|0.000231391322081
bee|1.4292923124e-05
amplitude|0.00164031577371
dynamo|0.00135156840992
steep|0.000488400905148
reanalysis|0.000469573483761
fluctuation|0.000436976357962
phytoplankton|0.00099322304893
per kilogram|0.00126758522059
westward|0.00019421171465
tide|0.00222526368636
gentle|0.000103966800763
based on|0.00720150378416
close|0.00293782037375
curved|5.78478305203e-05
acceleration|0.00078516053609
angle|0.00109106996416
quartile|0.000115695661041
gravity|0.000808660136738
outward|4.7788604274e-05
polarization|0.000275549755401
mix|0.000638493412264
photosphere|5.78478305203e-05
vegetation|0.00377657523446
accuracy|0.00212235834676
combustion|0.000741625413554
connected|0.000819037042842
specific conductance|5.78478305203e-05
device|0.000584067009531
clast|0.000404934813642
segment|0.000834839916645
atmospheric boundary layer|0.000115695661041
sea ice|0.00617335232329
calving|0.000103966800763
archiving|0.000652708147527
atypical|0.000103966800763
disease|0.00182909533531
hydrologic cycle|0.00019421171465
face|0.00158695775729
ampere|5.78478305203e-05
anthracite|0.00099322304893
atmosphere|0.00446957031641
selection|0.00163774438047
contaminant|0.000579380111876
saturated|5.78478305203e-05
rough|0.000347770835207
maximum achievable control technology|5.78478305203e-05
decade|0.00209437350792
principal|0.00200736416903
leaching|0.000975965228393
knowledge|0.00458369350956
upper atmosphere|0.000230594851215
micron|0.000727767605343
fuel|0.00454483065399
sulfur|0.0104870937313
local|0.00757007163799
equilibrium|0.00057372115404
solar wind|0.000737903523887
beat|0.000155950201145
photography|0.000487891590971
abiotic|5.78478305203e-05
joint|0.00512475293749
GPP|0.000289239152602
GPS|0.00323539250723
evolution|0.00129837322187
precession|0.000867717457805
molybdenum|0.0105910300711
watershed|0.00187802748764
cleavage|0.000103966800763
fixed|0.00234621260438
natural resource|0.00101412635778
counterclockwise|5.78478305203e-05
planetary boundary|5.78478305203e-05
catastrophic|0.00045522723076
clumping|0.000231391322081
turbulent|0.000221155227104
powder|0.00203749249637
luminous|5.78478305203e-05
overfishing|0.0178111974586
biofuel|5.78478305203e-05
magnetic storm|5.78478305203e-05
pattern|0.00139952701603
southward|0.000339870500637
state|0.0097253279382
closed|0.0022442178258
invariant|0.000415867203053
boundary|0.00193583919169
bentonite|0.00305194213404
variability|0.00453912086892
secondary production|0.000103966800763
success in|0.000686790345906
exotic species|5.78478305203e-05
interpolate|5.78478305203e-05
efficiency|0.00224645600308
hypothesis|0.000768392973427
key|0.00462069445265
butte|5.78478305203e-05
precious|0.000603837680634
configuration|0.00127398494784
instant|0.000103966800763
rhyolite|5.78478305203e-05
retrograde|5.78478305203e-05
canopy|0.000728830396374
highland|0.000115695661041
mesoscale|0.000554950480808
vent|4.7788604274e-05
adjusted|0.00118803838244
wall|0.0011751438068
harmonic|0.000825399787261
packaging|0.000713644473992
specific humidity|5.78478305203e-05
northern hemisphere|0.000322832791701
crystalline|0.000603818101564
chromium|0.00051553695739
fishery|0.0386125368104
calcination|5.78478305203e-05
subsurface|0.000426884985237
unsaturated zone|0.000231391322081
trajectory|0.000966108962502
solar minimum|0.000404934813642
OLS|0.000155950201145
catalyst|0.000976566122305
waste|0.00360073140977
anomaly|0.000676084238519
field|0.00531587174207
primary productivity|0.00019421171465
diversity|0.00154577254116
coherence|0.000103966800763
binning|0.000103966800763
marine mammal|0.00068301597638
latitude|0.00155808249722
present|0.004998173022
crude oil|0.00158194505842
atmospheric|0.00446095489185
cow|0.000121058048363
plain|0.000780052443442
runway|0.000103966800763
value|0.00893990047818
harden|0.000103966800763
CDR|0.000853769970474
fault|0.00129551488455
wild|0.000594284377491
ultra|0.000309617317946
predation|0.000640327477856
vertical profile|0.000115695661041
layer|0.00232358950664
chondrite|0.000173543491561
almost|0.0020504305354
micrometer|5.78478305203e-05
surface|0.00789259096824
examined|0.000921231366418
convection|0.000575869361149
synodic|0.000636326135724
regression|0.000663465681312
productivity|0.00138411857124
dominant species|0.000115695661041
radiation|0.00234042711176
has average|5.78478305203e-05
million km2|0.000520630474683
bulk density|0.000534082215286
cubic|0.00413901982718
power plant|0.000145658785987
ion|0.00106901058648
water table|0.000289239152602
variance|0.000554950480808
destruction|0.000745298185353
center|0.00220361233081
incredible|5.78478305203e-05
well|0.00806402339551
water column|0.000353848363366
breaker|5.78478305203e-05
propellant|0.000230594851215
usual|0.000325210450448
spherical|0.000298819489666
rocket|0.000981450670112
trace metal|0.000115695661041
proximity|0.000499981003395
dose|2.62400741925e-05
fishing|0.0334564944926
untested|0.000103966800763
macroscopic|0.000103966800763
atoll|5.78478305203e-05
diurnal cycle|0.000145658785987
disturbance|0.000764836261981
density|0.00227422758087
residential|0.000414354166807
point|0.00381797352565
transparent|0.000857199288996
lattice|0.000231391322081
data structure|0.000115695661041
saturation|5.78478305203e-05
government|0.00475769446952
inundation|0.00247325568868
crushed|0.000687802199312
proton|5.78478305203e-05
loss|0.00292053331987
qualitative|0.00056356356146
less than|0.00379323565499
ozone|0.00200361579995
vortex|0.000413842937054
troposphere|0.000306350286995
soft|0.000450722825679
entrained|0.000103966800763
habitat|0.00891865570841
sequence|0.000863885415885
phenomena|0.000856676449059
electric current|5.78478305203e-05
growth|0.00555656392202
spheroid|5.78478305203e-05
transport|0.00343646378716
leaf|0.000441663434599
lead|0.00744634281825
overlay|0.000155950201145
broad|0.00235447036298
gasification|0.000115695661041
keystone|0.000115695661041
sorption|0.000115695661041
glacial|0.00136737005424
noise|0.0013374338315
inaccurate|0.00019421171465
slight|0.000677543804867
vertex|5.78478305203e-05
expansion|0.0038931119534
pressure|0.00247667425729
host|0.000970911240981
intertidal|0.000207933601527
offset|0.000919178354703
LIDAR|0.000619234635891
air traffic|0.000276713821458
impact assessment|0.000372458643349
noisy|0.000103966800763
rare|0.00491872481479
extension|0.00166482142408
VOC|0.00190897840717
column|0.000781436998468
certainty|0.000298819489666
flake|0.00115000718094
surge|0.000652232459796
radiative transfer|0.000103966800763
prevailing|0.000362290860938
homogeneous|0.000402545401043
stratification|0.000309617317946
backscattering|0.000103966800763
dataset|0.00162959060507
mobile phone|5.78478305203e-05
speciation|0.000115695661041
angular momentum|0.000115695661041
ridge|0.00084109226389
elastic|0.000103966800763
confident|0.000402545401043
crystallization|0.000291317571974
spiral|0.000230594851215
continental|0.00110935318671
solidify|0.000103966800763
breeding|0.000925854422398
phosphorus|0.00152735413337
function|0.00249376436765
north|0.00290464812726
volume|0.00396105675646
construction|0.007191562548
convergence|0.000444042904338
overflow|0.000876260434616
valuation|0.0010615450901
count|0.000666575822424
in situ|0.00106609340893
record|0.0043938137135
entrainment|0.00019421171465
bearing|0.00143151665941
foreland basin|5.78478305203e-05
calibrate|0.000145658785987
mask|5.78478305203e-05
cost benefit analysis|2.04102431702e-05
space shuttle|5.78478305203e-05
subtropical|0.000496611524465
permeability|0.000184475880972
benthic|0.000184475880972
MSA|0.015500112574
spit|0.000115695661041
calibration|0.00136222408284
percent|0.00812785808438
forestry|0.000521127572491
branch|0.000256130991142
acidification|0.000859752749139
MACT|0.000115695661041
star|0.00239818645263
dilution|0.000145658785987
national monument|0.000103966800763
variation|0.00327686079556
precision|0.00071142099511
vein|0.000724581721877
exposure|0.00145843180024
local time|5.78478305203e-05
divided by|0.000145658785987
validation|0.00124680007468
buoy|0.00115099845846
